{
  "count": 60000,
  "current_lead": 30000,
  "state": {"Schleswig-Holstein":0.88,"Hamburg":0.75,"Niedersachsen":0.90,"Bremen":0.85,"Nordrhein-Westfalen":0.81,"Hessen":0.78,"Rheinland-Pfalz":0.78,"Baden-W端rttemberg":0.82,"Bayern":0.87,"Saarland":0.71,"Berlin":0.74,"Brandenburg":0.91,"Mecklenburg-Vorpommern":0.86,"Sachsen":0.76,"Sachsen-Anhalt":0.83,"Th端ringen":0.69},
  "age15to80": [0.07,0.06,0.08,0.10,0.10,0.08,0.11,0.12,0.10,0.08,0.05,0.03,0.02],
  "group": { "family": 0.5, "athletic": 0.2, "outdoor": 0.3 },
  "retail_stores": {
    "Chemntiz": [50.8333, 12.9167],
    "Dresden": [51.05000, 13.75000],
    "Leipzig": [51.3396, 12.3713],
    "Jena": [50.9333, 11.5833],
    "L端neburg": [53.24682, 10.41178],
    "Greifswald": [54.08883, 13.39473],
    "L端beck": [53.86956, 10.68713]
  }
}
