{
  "count": 60000,
  "current_lead": 30000,
  "state": {"Schleswig-Holstein":88,"Hamburg":75,"Niedersachsen":90,"Bremen":85,"Nordrhein-Westfalen":81,"Hessen":78,"Rheinland-Pfalz":78,"Baden-W端rttemberg":82,"Bayern":87,"Saarland":71,"Berlin":74,"Brandenburg":91,"Mecklenburg-Vorpommern":86,"Sachsen":76,"Sachsen-Anhalt":83,"Th端ringen":69},
  "age15to80": [ 7, 6, 8,10,10, 8,11,12,10, 8, 5, 3, 2],
  "group": { "family": 50, "athletic": 20, "outdoor": 30 },
  "retail_stores": {
    "Chemntiz": [50.8333, 12.9167],
    "Dresden": [51.05000, 13.75000],
    "Leipzig": [51.3396, 12.3713],
    "Jena": [50.9333, 11.5833],
    "L端neburg": [53.24682, 10.41178],
    "Greifswald": [54.08883, 13.39473],
    "L端beck": [53.86956, 10.68713]
  }
}
