{
  "count": 20000,
  "current_lead": 8000,
  "age15to80": [0.07,0.06,0.08,0.10,0.10,0.08,0.11,0.12,0.10,0.08,0.05,0.03,0.02],
  "group": { "family": 0.5, "athletic": 0.2, "outdoor": 0.3 },
  "retail_stores": {
    "Chemntiz": [50.8333, 12.9167],
    "Dresden": [51.05000, 13.75000],
    "Leipzig": [51.3396, 12.3713],
    "Jena": [50.9333, 11.5833],
    "Berlin": [52.52468, 13.40535],
    "Lüneburg": [53.24682, 10.41178],
    "Greifswald": [54.08883, 13.39473],
    "Lübeck": [53.86956, 10.68713]
  }
}
